title,author,journal,number,cites,year,cid,pubid
Eleven grand challenges in single-cell data science,"D Lähnemann, J Köster, E Szczurek, DJ McCarthy, SC Hicks, ...",Genome biology,"21, 1-35",1219,2020,"965377572541802861,7431995279467940563",b0M2c_1WBrUC
Orchestrating single-cell analysis with Bioconductor,"RA Amezquita, ATL Lun, E Becht, VJ Carey, LN Carpp, L Geistlinger, ...",Nature methods,"17 (2), 137-145",856,2020,"135421373470239737,2822673763990524967,14056400754795707891",dfsIfKJdRG4C
50 years of data science,D Donoho,Journal of Computational and Graphical Statistics,"26 (4), 745-766",844,2017,"5959906056734493404,6949246178251069699,1970366484531855477,17615472829886398890",a0OBvERweLwC
Transcriptome-scale spatial gene expression in the human dorsolateral prefrontal cortex,"KR Maynard, L Collado-Torres, LM Weber, C Uytingco, BK Barry, ...",Nature neuroscience,"24 (3), 425-436",821,2021,"8420795505844844393,5776184756217578829,15625294452731562907",NhqRSupF_l8C
Missing data and technical variability in single-cell RNA-sequencing experiments,"SC Hicks, FW Townes, M Teng, RA Irizarry",Biostatistics,"19 (4), 562-578",661,2018,"11332841263138483558,13250347930614983477,12958456545369604319",BqipwSGYUEgC
Feature selection and dimension reduction for single-cell RNA-Seq based on a multinomial model,"FW Townes, SC Hicks, MJ Aryee, RA Irizarry",Genome biology,"20, 1-16",519,2019,"17510139287573669537,10768013015638215146,11960498971101722744,7396851598684742935",fPk4N6BV_jEC
A practical guide to methods controlling false discoveries in computational biology,"K Korthauer, PK Kimes, C Duvallet, A Reyes, A Subramanian, M Teng, ...",Genome biology,"20, 1-21",368,2019,15717958131233696242,3s1wT3WcHBgC
A systematic evaluation of single-cell RNA-sequencing imputation methods,"W Hou, Z Ji, H Ji, SC Hicks",Genome biology,"21, 1-30",312,2020,3620974484836483067,EUQCXRtRnyEC
Comparison of outcomes of synthetic mesh vs suture repair of elective primary ventral herniorrhaphy: a systematic review and meta-analysis,"MT Nguyen, RL Berger, SC Hicks, JA Davila, LT Li, LS Kao, MK Liang",JAMA surgery,"149 (5), 415-421",291,2014,808806424052077453,_Qo2XoVZTnwC
Prediction of missense mutation functionality depends on both the algorithm and sequence alignment employed,"S Hicks, DA Wheeler, SE Plon, M Kimmel",Human mutation,"32 (6), 661-668",278,2011,14646696422452183142,ULOm3_A8WrAC
Development and validation of a risk-stratification score for surgical site occurrence and surgical site infection after open ventral hernia repair,"RL Berger, LT Li, SC Hicks, JA Davila, LS Kao, MK Liang",Journal of the American College of Surgeons,"217 (6), 974-982",222,2013,11779139752629843081,L8Ckcad2t8MC
Reproducibility standards for machine learning in the life sciences,"BJ Heil, MM Hoffman, F Markowetz, SI Lee, CS Greene, SC Hicks",Nature Methods,"18 (10), 1132-1135",203,2021,15975841541399540021,bnK-pcrLprsC
Single-nucleus transcriptome analysis reveals cell-type-specific molecular signatures across reward circuitry in the human brain,"MN Tran, KR Maynard, A Spangler, LA Huuki, KD Montgomery, ...",Neuron,"109 (19), 3088-3103. e5",193,2021,3974311842433900595,u9iWguZQMMsC
Evolutionary action score of TP53 identifies high-risk mutations associated with decreased survival and increased distant metastases in head and neck cancer,"DM Neskey, AA Osman, TJ Ow, P Katsonis, T McDonald, SC Hicks, ...",Cancer research,"75 (7), 1527-1536",180,2015,8959189266368096362,isC4tDSrTZIC
A guide to teaching data science,"SC Hicks, RA Irizarry",The American Statistician,"72 (4), 382-391",146,2018,15461400876487227824,RGFaLdJalmkC
Trans-cutaneous closure of central defects (TCCD) in laparoscopic ventral hernia repairs (LVHR),"ML Clapp, SC Hicks, SS Awad, MK Liang",World journal of surgery,"37, 42-51",139,2013,1239878728946341026,QIV2ME_5wuYC
Smooth quantile normalization,"SC Hicks, K Okrah, JN Paulson, J Quackenbush, RA Irizarry, HC Bravo",Biostatistics,"19 (2), 185-198",124,2018,16027860912248727358,ns9cj8rnVeAC
quantro: a data-driven approach to guide the choice of an appropriate normalization method,"SC Hicks, RA Irizarry",Genome biology,"16, 1-8",124,2015,"13973105473184459597,8152861871936794617,18293712659709461185,471169309638813513",YFjsv_pBGBYC
spatialLIBD: an R/Bioconductor package to visualize spatially-resolved transcriptomics data,"B Pardo, A Spangler, LM Weber, SC Page, SC Hicks, AE Jaffe, ...",BMC genomics,"23 (1), 434",111,2022,17188108716810976456,eJXPG6dFmWUC
Analysis and correction of compositional bias in sparse sequencing count data,"MS Kumar, EV Slud, K Okrah, SC Hicks, S Hannenhalli, H Corrada Bravo",BMC genomics,"19, 1-23",109,2018,3563854056701485739,35N4QoGY0k4C
SpatialExperiment: infrastructure for spatially-resolved transcriptomics data in R using Bioconductor,"D Righelli, LM Weber, HL Crowell, B Pardo, L Collado-Torres, ...",Bioinformatics,"38 (11), 3128-3131",106,2022,5406283874830224707,tS2w5q8j5-wC
Evolutionary action score of TP53 coding variants is predictive of platinum response in head and neck cancer patients,"AA Osman, DM Neskey, P Katsonis, AA Patel, AM Ward, TK Hsu, ...",Cancer research,"75 (7), 1205-1215",100,2015,"17553376234704102255,13565981374751056669",M3NEmzRMIkIC
"Patient satisfaction, chronic pain, and functional status following laparoscopic ventral hernia repair","MK Liang, M Clapp, LT Li, RL Berger, SC Hicks, S Awad",World journal of surgery,"37 (3), 530-537",98,2013,17480786341920231918,4DMP91E08xMC
Outcomes of laparoscopic vs open repair of primary ventral hernias,"MK Liang, RL Berger, LT Li, JA Davila, SC Hicks, LS Kao",JAMA surgery,"148 (11), 1043-1048",90,2013,122243937003379419,ZeXyd9-uunAC
Reproducible research: a retrospective,"RD Peng, SC Hicks",Annual review of public health,"42 (1), 79-93",77,2021,15506574259668083530,nb7KW1ujOQ8C
miQC: An adaptive probabilistic framework for quality control of single-cell RNA-sequencing data,"AA Hippen, MM Falco, LM Weber, EP Erkan, K Zhang, JA Doherty, ...",PLoS computational biology,"17 (8), e1009290",76,2021,1006418420093405019,4fKUyHm3Qg0C
Predictors of incisional surgical site infection in stoma reversal. JAMA Surg.,"MK Liang, LT Li, A Avellaneda, JM Moffett, SC Hicks, SS Awad",,,71,2013,"5014461312474244782,6149522690101467716",9ZlFYXVOiuMC
Recurrence and pseudorecurrence after laparoscopic ventral hernia repair: predictors and patient-focused outcomes,"SA Carter, SC Hicks, R Brahmbhatt, MK Liang",The American surgeon,"80 (2), 138-148",69,2014,12529902618129599825,e5wmG9Sq2KIC
Prognostic factors associated with decreased survival in patients with acinic cell carcinoma,"DM Neskey, JD Klein, S Hicks, AS Garden, DM Bell, AK El-Naggar, ...",JAMA Otolaryngology–Head & Neck Surgery,"139 (11), 1195-1202",64,2013,1104055474596781152,IWHjjKOFINEC
nnSVG for the scalable identification of spatially variable genes using nearest-neighbor Gaussian processes,"LM Weber, A Saha, A Datta, KD Hansen, SC Hicks",Nature communications,"14 (1), 4059",61,2023,10093007886147969686,ZuybSZzF8UAC
Suture versus preperitoneal polypropylene mesh for elective umbilical hernia repairs,"RL Berger, LT Li, SC Hicks, MK Liang",journal of surgical research,"192 (2), 426-431",59,2014,9212740126348772634,j3f4tGmQtD8C
Single-cell multi-cohort dissection of the schizophrenia transcriptome,"WB Ruzicka, S Mohammadi, JF Fullard, J Davila-Velderrain, S Subburaju, ...",Science,"384 (6698), eadg5136",57,2024,5294621411162682888,kz9GbA2Ns4gC
mbkmeans: Fast clustering for single cell data using mini-batch k-means,"SC Hicks, R Liu, Y Ni, E Purdom, D Risso",PLoS computational biology,"17 (1), e1008625",57,2021,"9664619476381196011,2095880259224042498,5900564722577905727",CHSYGLWDkRkC
Abdominal reoperation and mesh explantation following open ventral hernia repair with mesh,"MK Liang, LT Li, MT Nguyen, RL Berger, SC Hicks, LS Kao",The American Journal of Surgery,"208 (4), 670-676",54,2014,4788222014267149337,HDshCWvjkbEC
Laparoscopic ventral hernia repair: primary versus secondary hernias,"A Subramanian, ML Clapp, SC Hicks, SS Awad, MK Liang",Journal of Surgical Research,"181 (1), e1-e5",54,2013,9928356958867639449,aqlVkmm33-oC
A statistical framework for differential pseudotime analysis with multiple single-cell RNA-seq samples,"W Hou, Z Ji, Z Chen, EJ Wherry, SC Hicks, H Ji",Nature communications,"14 (1), 7286",53,2023,12003247411100553045,q3oQSFYPqjQC
Circular closure is associated with the lowest rate of surgical site infection following stoma reversal: a systematic review and multiple treatment meta‐analysis,"LT Li, SC Hicks, JA Davila, LS Kao, RL Berger, NA Arita, MK Liang",Colorectal Disease,"16 (6), 406-416",51,2014,14982043226343760134,mB3voiENLucC
A data-driven single-cell and spatial transcriptomic map of the human prefrontal cortex,"LA Huuki-Myers, A Spangler, NJ Eagles, KD Montgomery, SH Kwon, ...",Science,"384 (6698), eadh1938",48,2024,"16372720206069364767,10946449791211130889",TIZ-Mc8IlK0C
TreeSummarizedExperiment: a S4 class for data with hierarchical structure,"R Huang, C Soneson, FGM Ernst, KC Rue-Albrecht, G Yu, SC Hicks, ...",F,"F1000Research 9, 1246",48,2021,13843202779048018265,Tiz5es2fbqcC
Outcomes with porcine acellular dermal matrix versus synthetic mesh and suture in complicated open ventral hernia repair,"MK Liang, RL Berger, MT Nguyen, SC Hicks, LT Li, M Leong",Surgical infections,"15 (5), 506-512",47,2014,10319253395261419167,r0BpntZqJG4C
Prevalence of surgical site infection at the stoma site following four skin closure techniques: a retrospective cohort study,"LT Li, R Brahmbhatt, SC Hicks, JA Davila, DH Berger, MK Liang",Digestive surgery,"31 (2), 73-78",41,2014,8303137264937802039,RHpTSmoSYBkC
"Readmission following open ventral hernia repair: incidence, indications, and predictors","MT Nguyen, LT Li, SC Hicks, JA Davila, JW Suliburk, M Leong, LS Kao, ...",The American Journal of Surgery,"206 (6), 942-949",38,2013,501749249309341251,hC7cP41nSMkC
Outcomes of acute versus elective primary ventral hernia repair,"LT Li, RJ Jafrani, NS Becker, RL Berger, SC Hicks, JA Davila, MK Liang",Journal of Trauma and Acute Care Surgery,"76 (2), 523-528",37,2014,5694245397921560127,TQgYirikUcIC
Review of stoma site and midline incisional hernias after stoma reversal,"MT Nguyen, UR Phatak, LT Li, SC Hicks, JM Moffett, NA Arita, RL Berger, ...",journal of surgical research,"190 (2), 504-509",35,2014,14764684611994988128,R3hNpaxXUhUC
Identifying risk factors for surgical site complications after laparoscopic ventral hernia repair: evaluation of the Ventral Hernia Working Group grading system,"R Brahmbhatt, SA Carter, SC Hicks, DH Berger, MK Liang",Surgical infections,"15 (3), 187-193",34,2014,5539081919891371024,4JMBOYKVnBMC
Genetic demultiplexing of pooled single-cell RNA-sequencing samples in cancer facilitates effective experimental design,"LM Weber, AA Hippen, PF Hickey, KC Berrett, J Gertz, JA Doherty, ...",Gigascience,"10 (9), giab062",33,2021,14828551454243402389,K3LRdlH-MEoC
Differential expression of single‐cell RNA‐seq data using Tweedie models,"H Mallick, S Chatterjee, S Chowdhury, S Chatterjee, A Rahnavard, ...",Statistics in medicine,"41 (18), 3492-3510",31,2022,11804954374123124304,LPZeul_q3PIC
Addressing the mean-correlation relationship in co-expression analysis,"Y Wang, SC Hicks, KD Hansen",PLoS computational biology,"18 (3), e1009954",30,2022,"13081913588179793532,3179014214679212187",eq2jaN3J8jMC
methylCC: technology-independent estimation of cell type composition using differentially methylated regions,"SC Hicks, RA Irizarry",Genome Biology,"20, 1-13",29,2019,"8618498438255452986,5125499993505947234",f2IySw72cVMC
Challenges and opportunities to computationally deconvolve heterogeneous tissue with varying cell sizes using single-cell RNA-sequencing datasets,"SK Maden, SH Kwon, LA Huuki-Myers, L Collado-Torres, SC Hicks, ...",Genome biology,"24 (1), 288",27,2023,"9031985237389927061,15734400611253066933",t7zJ5fGR-2UC
VistoSeg: Processing utilities for high-resolution images for spatially resolved transcriptomics data,"M Tippani, HR Divecha, JL Catallini II, SH Kwon, LM Weber, A Spangler, ...",Biological Imaging,"3, e23",25,2023,"17682201104767329873,11516678732197260701,13810610100311166097",uWiczbcajpAC
An S/TQ cluster domain census unveils new putative targets under Tel1/Mec1 control,"HC Cheung, FA San Lucas, S Hicks, K Chang, AA Bertuch, ...",BMC genomics,"13, 1-16",23,2012,13350494607282258220,Wp0gIr-vW9MC
The gene expression landscape of the human locus coeruleus revealed by single-nucleus and spatially-resolved transcriptomics,"LM Weber, HR Divecha, MN Tran, SH Kwon, A Spangler, KD Montgomery, ...",Elife,"12, RP84628",20,2024,"6629490326352518905,16931798795810054441",4MWp96NkSFoC
Performance of computational algorithms to deconvolve heterogeneous bulk ovarian tumor tissue depends on experimental factors,"AA Hippen, DK Omran, LM Weber, E Jung, R Drapkin, JA Doherty, ...",Genome biology,"24 (1), 239",19,2023,"13460990051865140330,11202404643984042721",vDijr-p_gm4C
The tidyomics ecosystem: Enhancing omic data analyses,"WJ Hutchison, TJ Keyes, Tidyomics Consortium, HL Crowell, J Serizay, ...",Nature methods,"21 (7), 1166-1170",14,2024,983571435694854412,ipzZ9siozwsC
Spatiotemporal analysis of gene expression in the human dentate gyrus reveals age-associated changes in cellular maturation and neuroinflammation,"AD Ramnauth, M Tippani, HR Divecha, AR Papariello, RA Miller, ...",Cell Reports,44 (2),12,2025,"14838847592874752103,9788604093431410160",kuK5TVdYjLIC
Quantification and statistical modeling of droplet-based single-nucleus RNA-sequencing data,"A Kuo, KD Hansen, SC Hicks",Biostatistics,"25 (3), 801-817",12,2024,"16495803834932032174,12275010380695644218",9Nmd_mFXekcC
Design principles for data analysis,"LDA McGowan, RD Peng, SC Hicks",Journal of Computational and Graphical Statistics,"32 (2), 754-761",12,2023,3237699217503715609,sSrBHYA8nusC
Elements and principles for characterizing variation between data analyses,"SC Hicks, RD Peng",arXiv preprint arXiv:,:1903.07639,12,2019,"2695783039337315846,15618806347905656803",1sJd4Hv_s6UC
Defining and benchmarking open problems in single-cell analysis,"MD Luecken, S Gigante, DB Burkhardt, R Cannoodt, DC Strobl, ...","Research Square, rs.",3. rs-4181617,11,2024,16169397381631292755,EYYDruWGBe4C
Activity‐regulated gene expression across cell types of the mouse hippocampus,"ED Nelson, KR Maynard, KR Nicholas, MN Tran, HR Divecha, ...",Hippocampus,"33 (9), 1009-1027",10,2023,12359321504694505187,tKAzc9rXhukC
Performant web-based interactive visualization tool for spatially-resolved transcriptomics experiments,"C Sriworarat, A Nguyen, NJ Eagles, L Collado-Torres, K Martinowich, ...",Biological Imaging,"3, e15",10,2023,13044885779645080344,fEOibwPWpKIC
Diagnosing Data Analytic Problems in the Classroom,"RD Peng, A Chen, E Bridgeford, JT Leek, SC Hicks",Journal of Statistics and Data Science Education,"29 (3), 267-276",9,2021,1878505307305962551,5ugPr518TE4C
Fast and memory-efficient scRNA-seq k-means clustering with various distances,"DN Baker, N Dyjack, V Braverman, SC Hicks, B Langmead",Proceedings of the,12th ACM International Conference on Bioinformatics …,9,2021,"13212736361374299905,17196509569529767798",1qzjygNMrQYC
Benchmark of cellular deconvolution methods using a multi-assay dataset from postmortem human prefrontal cortex,"LA Huuki-Myers, KD Montgomery, SH Kwon, S Cinquemani, NJ Eagles, ...",Genome Biology,"26 (1), 1-35",8,2025,17973112929671269789,vbGhcppDl1QC
An integrated single-nucleus and spatial transcriptomics atlas reveals the molecular landscape of the human hippocampus,"JR Thompson, ED Nelson, M Tippani, AD Ramnauth, HR Divecha, ...",BioRxiv,,7,2024,2761052979509290982,tYavs44e6CUC
Influence of Alzheimer's disease related neuropathology on local microenvironment gene expression in the human inferior temporal cortex,"SH Kwon, S Parthiban, M Tippani, HR Divecha, NJ Eagles, JS Lobana, ...",GEN biotechnology,"2 (5), 399-417",7,2023,1443373274447566733,z_wVstp3MssC
Data-driven identification of total RNA expression genes for estimation of RNA abundance in heterogeneous cell types highlighted in brain tissue,"LA Huuki-Myers, KD Montgomery, SH Kwon, SC Page, SC Hicks, ...",Genome biology,"24 (1), 233",6,2023,"1670888067331727863,16279809303371072870",epqYDVWIO7EC
escheR: unified multi-dimensional visualizations with Gestalt principles,"B Guo, LA Huuki-Myers, M Grant-Peters, L Collado-Torres, SC Hicks",Bioinformatics Advances,"3 (1), vbad179",6,2023,8051995108276393838,VLnqNzywnoUC
Statistical analysis of missense mutation classifiers,"S Hicks, SE Plon, M Kimmel",Human mutation,"34 (2), 405-406",6,2013,16230363423707679064,YOwf2qJgpHMC
Transcriptomic characterization of human lateral septum neurons reveals conserved and divergent marker genes across species,"RA Phillips, S Oh, SV Bach, Y Du, RA Miller, JE Kleinman, TM Hyde, ...",iScience,28 (2),4,2025,15868259281412812018,g3aElNc5_aQC
Open Case Studies: Statistics and Data Science Education through Real-World Applications,"C Wright, Q Meng, MR Breshock, L Atta, MA Taub, LR Jager, J Muschelli, ...",Journal of Statistics and Data Science Education,"32 (4), 331-344",3,2024,7998503843678584283,2KloaMYe4IUC
SpotSweeper: spatially-aware quality control for spatial transcriptomics,"M Totty, SC Hicks, B Guo",BioRxiv,,3,2024,16965277938768097965,gsN89kCJA0AC
Partnering with authors to enhance reproducibility at JASA,"J Wrobel, EC Hector, L Crawford, LDA McGowan, N da Silva, J Goldsmith, ...",Journal of the American Statistical Association,"119 (546), 795-797",3,2024,2659318945167146383,hMsQuOkrut0C
A scalable and unbiased discordance metric with H+,"N Dyjack, DN Baker, V Braverman, B Langmead, SC Hicks",Biostatistics,"25 (1), 188-202",3,2024,17606562974184709951,PELIpwtuRlgC
Missing cell types in single-cell references impact deconvolution of bulk data but are detectable,"A Ivich, NR Davidson, L Grieshober, W Li, SC Hicks, JA Doherty, ...",Genome Biology,"26 (1), 86",2,2025,6096818728809829645,KUbvn5osdkgC
Integrating Spatially‐Resolved Transcriptomics Data Across Tissues and Individuals: Challenges and Opportunities,"B Guo, W Ling, SH Kwon, P Panwar, S Ghazanfar, K Martinowich, ...",Small Methods,2401194,2,2024,18283466194323170686,lmc2jWPfTJgC
lute: estimating the cell composition of heterogeneous tissue with varying cell sizes using gene expression,"SK Maden, LA Huuki-Myers, SH Kwon, L Collado-Torres, KR Maynard, ...",BioRxiv,,2,2024,15598812025832381148,ILKRHgRFtOwC
Evaluating the success of a data analysis,"SC Hicks, RD Peng",arXiv preprint arXiv:,:1904.11907,2,2019,838175625581086390,cFHS6HbyZ2cC
Pharmacogenetic characterization of naturally occurring germline NT5C1A variants to chemotherapeutic nucleoside analogs,"J Saliba, R Zabriskie, R Ghosh, BC Powell, S Hicks, M Kimmel, Q Meng, ...",Pharmacogenetics and genomics,"26 (6), 271-279",2,2016,8690952195628122942,O3NaXMp0MMsC
Addressing the mean-variance relationship in spatially resolved transcriptomics data with spoon,"K Shah, B Guo, SC Hicks",bioRxiv,2024.11. 04.621867,1,2024,6229406301500908602,e_rmSamDkqQC
Transcriptomic diversity of amygdalar subdivisions across humans and nonhuman primates,"MS Totty, RC Juanes, SV Bach, LB Ameur, MR Valentine, E Simons, ...",bioRxiv,,1,2024,15887378727695163894,WZBGuue-350C
A global transcriptional atlas of the effect of acute sleep deprivation in the mouse frontal cortex,"K Ford, E Zuin, D Righelli, E Medina, H Schoch, K Singletary, C Muheim, ...",Iscience,27 (9),1,2024,"11298343332924257860,4981497300542857602",LI9QrySNdTsC
Detecting differential transcript usage in complex diseases with SPIT,"B Erdogdu, A Varabyou, SC Hicks, SL Salzberg, M Pertea",Cell Reports Methods,4 (3),1,2024,13067577776238446337,0KyAp5RtaNEC
Spatial domain detection using contrastive self-supervised learning for spatial multi-omics technologies,"J Yao, J Yu, B Caffo, SC Page, K Martinowich, SC Hicks",bioRxiv,,1,2024,7821712201717306359,BwyfMAYsbu0C
When Women in Statistics Come to Know Their Power,SC Hicks,Chance,"27 (4), 4-5",1,2014,10377313766998478128,HoB7MX3m0LUC
Stoma Site and Midline Incisional Hernias Following Stoma Reversal: A Systematic-Review and Meta-Analysis,"MT Nguyen, UR Phatak, LT Li, SC Hicks, JM Moffett, NA Arita, DH Berger, ...",Journal of Surgical Research,"186 (2), 496",1,2014,8299659258620245417,-f6ydRqryjwC
Risk Factors and Outcomes of Emergency Primary Ventral Hernia Repair,"LT Li, NS Becker, RL Berger, ML Clapp, CK Chu, JA Davis, SC Hicks, ...",Journal of Surgical Research,"179 (2), 187",1,2013,14123223095282328793,qxL8FJ1GzNcC
GeneCover: A Combinatorial Approach,"A Wang, S Hicks, D Geman, L Younes",Research in Computational Molecular Biology:,29th International Conference …,0,2025,NA,PVjk1bu6vJQC
PO-05-138 STEREOTACTIC ARRHYTHMIA RADIOTHERAPY (STAR) PROLONGS EFFECTIVE REFRACTORY PERIOD (ERP) AND INCREASES VENTRICULAR TACHYCARDIA CYCLE LENGTH WITHOUT SHORT-TERM SCAR …,"B Zenger, TW Smith, S Hicks, S Ng, T Pavek, N Knutson, P Samson, ...",Heart Rhythm,"22 (4), S626",0,2025,NA,86PQX7AUzd4C
Can AI reveal the next generation of high-impact bone genomics targets?,"CS Greene, CR Gignoux, M Subirana-Granés, M Pividori, SC Hicks, ...",Bone Reports,101839,0,2025,NA,XoXfffV-tXoC
HuBMAPR: an R client for the HuBMAP data portal,"C Hou, S Ghazanfar, F Marini, M Morgan, SC Hicks",Bioinformatics Advances,"5 (1), vbaf048",0,2025,NA,k8Z6L05lTy4C
MAPPING THE HUMAN AMYGDALA THROUGH MULTISCALE SPATIAL TRANSCRIPTOMICS,"M Totty, S Bach, M Valentine, M Tippani, S Maguire, R Miller, I Rosario, ...",NEUROPSYCHOPHARMACOLOGY,"49, 452-453",0,2024,NA,0N-VGjzr574C
Generation of a Spatio-Molecular Atlas of the Human Nucleus Accumbens,"S Bach, P Ravichandran, R Phillips, N Eagles, M Valentine, ...",NEUROPSYCHOPHARMACOLOGY,"49, 150-151",0,2024,NA,Ug5p-4gJ2f0C
GeneCover: A Combinatorial Approach for Label-free Marker Gene Selection,"A Wang, S Hicks, D Geman, L Younes",bioRxiv,2024.10. 30.621151,0,2024,NA,-FonjvnnhkoC
T29. SPATIAL-MOLECULAR SEX DIFFERENCES IN THE HUMAN VENTROMEDIAL AND ARCUATE HYPOTHALAMUS,"B Mulvey, Y Wang, HR Divecha, S Bach, KD Montgomery, S Cinquemani, ...",European Neuropsychopharmacology,"87, 171-172",0,2024,NA,oNZyr7d5Mn4C
Transcriptional dynamics of sleep deprivation and subsequent recovery sleep in the male mouse cortex,"A Popescu, C Ottaway, K Ford, TW Patterson, A Ingiosi, E Medina, ...",bioRxiv,,0,2024,NA,VaXvl8Fpj5cC
099 Single-cell RNA sequencing reveals differential gene expression of cancer-associated fibroblast markers in mycosis fungoides by stage and race,"C Johnson, S Solhjoo, W Li, I Ali, K Nash, S Hicks, W Timp",Journal of Investigative Dermatology,"144 (8), S18",0,2024,NA,MLfJN-KU85MC
Analyzing mRNA isoforms in human stem cell-derived retinal neurons using long-read transcriptomics,"CJ Keuthan, S Parthiban, YY Chang, X Chang, E Yan, C Berlinicke, ...",Investigative Ophthalmology & Visual Science,"65 (7), 4697-4697",0,2024,NA,tuHXwOkdijsC
Spatially-resolved molecular sex differences at single cell resolution in the adult human hypothalamus,"B Mulvey, Y Wang, HR Divecha, SV Bach, KD Montgomery, ...",bioRxiv,,0,2024,NA,S16KYo8Pm5AC
Spatial mutual nearest neighbors for spatial transcriptomics data,"H Zhou, P Panwar, B Guo, C Hallinan, S Ghazanfar, SC Hicks",bioRxiv,2024.10. 08.615307,0,2024,NA,M7yex6snE4oC
Evaluating the Alignment of a Data Analysis between Analyst and Audience,"LDA McGowan, RD Peng, SC Hicks",arXiv preprint arXiv:,:2312.07616,0,2023,NA,BUYA1_V_uYcC
Spatial-Molecular Sex Differences in the Human Ventromedial and Arcuate Hypothalamus,"B Mulvey, S Bach, S Cinquemani, HR Divecha, R Miller, KD Montgomery, ...",NEUROPSYCHOPHARMACOLOGY,"48, 178-178",0,2023,NA,L7CI7m0gUJcC
nnSVG for the Identification of Spatially Variable Genes and Improved Computational Analyses of Spatial Transcriptomic Data From Postmortem Brain Tissue,"L Weber, E Nelson, H Divecha, K Martinowich, S Hicks",NEUROPSYCHOPHARMACOLOGY,"48, 318-319",0,2023,NA,p__nRnzSRKYC
INTEGRATION OF SINGLE-NUCLEUS AND SPATIAL TRANSCRIPTOMICS REVEALS THE MOLECULAR LANDSCAPE OF THE HUMAN ANTERIOR HIPPOCAMPUS,"E Nelson, M Tippani, A Ramnauth, H Divecha, E Pattie, SH Kwon, S Bach, ...",European Neuropsychopharmacology,"75, S24-S25",0,2023,NA,zLWjf1WUPmwC
Modeling Data Analytic Iteration With Probabilistic Outcome Sets,"RD Peng, SC Hicks",arXiv preprint arXiv:,:2309.08494,0,2023,NA,EkHepimYqZsC
Single-cell RNA sequencing of murine nodose ganglia elaborates on lateral asymmetry of sensory vagal signalling,"KY Hui, Q Li, L Liu, LA Goff, SC Hicks, S Kulkarni, TH Moran, PJ Pasricha",NEUROGASTROENTEROLOGY AND MOTILITY,35,0,2023,NA,xtoqd-5pKcoC
Deconvolution reveals compositional differences in high-grade serous ovarian cancer subtypes,"AA Hippen, NR Davidson, ME Barnard, LM Weber, J Gertz, JA Doherty, ...",bioRxiv,2023.06. 14.544991,0,2023,NA,nrtMV_XWKgEC
"Single Cells, Single Cells, Single All the Way","L Liu, M Li, S Hicks",,2023 Annual Meeting,0,2023,NA,XD-gHx7UXLsC
Profiling the Human Anterior Hippocampus With Spatially-Resolved Transcriptomics,"S Page, A Ramnauth, M Tippani, E Nelson, H Divecha, E Pattie, T Hyde, ...",NEUROPSYCHOPHARMACOLOGY,"47 (SUPPL 1), 63-64",0,2022,NA,uJ-U7cs_P_0C
"536: WANDERING LEFT, WANDERING RIGHT: LATERAL ASYMMETRY OF PERIPHERAL VAGAL SIGNALLING BEGINS IN THE PERIPHERY, AS REVEALED BY SINGLE-CELL RNA SEQUENCING OF MURINE NODOSE GANGLIA","KY Hui, Q Li, L Liu, LA Goff, SC Hicks, S Kulkarni, PJ Pasricha",Gastroenterology,"162 (7), S-124-S-125",0,2022,NA,UHK10RUVsp4C
P89. Spatial Landscape of Gene Expression in the Human Locus Coeruleus,"HR Divecha, LM Weber, SH Kwon, MN Tran, M Tippani, A Spangler, ...",Biological Psychiatry,"91 (9), S123",0,2022,NA,ye4kPcJQO24C
Multi-Omic Approaches for Spatial and Pathological Registration of Gene Expression in Human Cortex,"SH Kwon, M Tippani, A Spangler, H Divecha, K Montgomery, C Bruce, ...",Biological Psychiatry,"91 (9), S85-S86",0,2022,NA,WqliGbK-hY8C
Deconvolving Cell Type Proportions in Human Postmortem Brain Tissue From Bulk RNA-Seq Data,"L Huuki, K Maynard, S Hicks, P Zandi, J Kleinman, T Hyde, FS Goes, ...",NEUROPSYCHOPHARMACOLOGY,"46 (SUPPL 1), 218-218",0,2021,NA,Y5dfb0dijaUC
Biostatistics Reviewer List 2018,"D Albers, P Albert, A Alekseyenko, A Almirall, P Andersen, ...",Biostatistics,"20 (1), 180-181",0,2019,NA,rO6llkc54NcC
Abstract A8: Functional analysis of genomic variants identified through whole exome sequencing of pediatric lymphocytic leukemia kindreds,"J Saliba, R Zabriskie, B Powell, S Hicks, M Kimmel, H Cheung, D Ritter, ...",Cancer Research,"74 (20_Supplement), A8-A8",0,2014,NA,TFP_iSt0sucC
Functional analysis of genomic variants identified through whole exome sequencing of pediatric lymphocytic leukemia kindreds,"J Saliba, R Zabriskie, B Powell, S Hicks, M Kimmel, H Cheung, D Ritter, ...",CANCER RESEARCH,74 (20),0,2014,NA,u_35RYKgDlwC
Laparoscopic Repair of Primary Ventral Hernias Does Not Decrease Hernia Recurrence Rates: A systematic Review and Meta-Analysis,"NA Arita, MT Nguyen, RL Berger, SC Hicks, JW Suliburk, LS Kao, ...",Journal of Surgical Research,"186 (2), 675",0,2014,NA,hFOr9nPyWt4C
"Tackling Technical Skills Competency: A Surgical Skills Rating Tool. Thomas J. Wade, and Travis P. Webb............................................................... 1 …","CW Hartin Jr, KD Bass, PL Glick, MG Caty, MT Dayton, DE Ozgediz, ...",Journal of Surgical Research,181 (1),0,2013,NA,maZDTaKrznsC
Incidental Primary Ventral Hernias: To Repair or Not to Repair,"JA Davis, RL Berger, ML Clapp, NS Becker, C Chu, LT Li, SC Hicks, ...",Journal of Surgical Research,"179 (2), 336",0,2013,NA,M3ejUd6NZC8C
Development and Validation of a Risk Stratification Score for Identifying Patients at Increased Risk of Surgical Site Infection Following Open Ventral Hernia Repair,"RL Berger, SC Hicks, JA Davila, LT Li, ML Clapp, DH Berger, MK Liang",Journal of Surgical Research,"179 (2), 222-223",0,2013,NA,4TOpqqG69KYC
Probabilistic Models for Genetic and Genomic Data with Missing Information,SC Hicks,Rice University,,0,2013,NA,bEWYMUwI8FkC
Bernoulli mixture models in application to the evaluation of algorithms estimating functionality of missense mutations,"S Hicks, SE Plon, M Kimmel",BMC Proceedings,"6, 1-2",0,2012,NA,blknAaTinKkC
Functional analysis of genomic variants identified through whole exome sequencing for susceptibility to lymphocytic leukemia,"J Saliba, LR Trevino, Q Meng, R Zabriskie, B Powell, S Hicks, M Kimmel, ...",Cancer Research,"72 (8_Supplement), 5113-5113",0,2012,NA,iH-uZ7U-co4C
Hippocam,"RGK Munn, A Wolff, LJ Speers, DK Bilkey, ED Nelson, KR Maynard, ...",,,0,NA,NA,ruyezt5ZtCIC
Transcriptomic characterization of human lateral septum neurons reveals conserved and divergent marker genes across species,"RAP III, S Oh, SV Bach, Y Du, RA Miller, JE Kleinman, TM Hyde, SC Hicks, ...",,,0,NA,NA,SpbeaW3--B0C
An integrated single-nucleus and spatial transcriptomics atlas reveals the molecular landscape of the human hippocampus,"SC Page, SC Hicks",,,0,NA,NA,i2xiXl-TujoC
